subset,algorithm,image,psnr,ssim,entropy,edge_vis,niqe,time_ms
indoor,DCP,1400_1.png,20.33016140159864,0.8985781669616699,7.670354998743803,0.4624438990182328,,48.03818599998522
indoor,DCP-Improved,1400_1.png,19.324704584865,0.8390429615974426,7.640057821134264,0.5191269284712482,,110.2342699999781
indoor,DCP,1400_10.png,18.464464135974083,0.8320950865745544,7.6366946807243155,0.444624824684432,,45.504542999992736
indoor,DCP-Improved,1400_10.png,14.95350549118796,0.7678074836730957,7.406854325862088,0.4711781206171108,,104.98470099992119
indoor,DCP,1400_2.png,20.171193732961143,0.8915360569953918,7.670936330239076,0.4588709677419355,,45.17989199996464
indoor,DCP-Improved,1400_2.png,18.523556061435343,0.8252498507499695,7.593603653167191,0.519351332398317,,105.69764000001669
indoor,DCP,1400_3.png,20.05836241202411,0.8838422894477844,7.671553682565041,0.4607643758765778,,45.7352969999647
indoor,DCP-Improved,1400_3.png,17.859951722161014,0.8129584789276123,7.5629195078020315,0.5188569424964937,,105.65760299994054
indoor,DCP,1400_4.png,19.848800287472578,0.8767521977424622,7.667988839689089,0.45698106591865356,,45.79004100003203
indoor,DCP-Improved,1400_4.png,17.198054475264595,0.8006906509399414,7.54508601844207,0.5182012622720897,,106.65393900001163
indoor,DCP,1400_5.png,19.696313806838248,0.8686569333076477,7.665793058350814,0.45830294530154275,,45.39708499999051
indoor,DCP-Improved,1400_5.png,16.57180397244012,0.7894540429115295,7.526750656078209,0.5164060308555399,,106.25575999995363
indoor,DCP,1400_6.png,19.44974949211082,0.8615777492523193,7.661061688344236,0.45404978962131837,,45.50987300001452
indoor,DCP-Improved,1400_6.png,15.949065786842185,0.7787439227104187,7.520428419545471,0.515171809256662,,105.97080399998049
indoor,DCP,1400_7.png,19.262753794825002,0.8535917401313782,7.662196178151669,0.455,,45.536108999954195
indoor,DCP-Improved,1400_7.png,15.331986897849504,0.7681103348731995,7.520199897988215,0.5124193548387097,,106.38155699996332
indoor,DCP,1400_8.png,19.021897782310962,0.8461735248565674,7.657610543896672,0.4531907433380084,,44.623166000064884
indoor,DCP-Improved,1400_8.png,14.734269517965902,0.7582151889801025,7.523775637984885,0.5102279102384292,,105.76711099997738
indoor,DCP,1400_9.png,18.726945403795373,0.8391271233558655,7.645564262260228,0.4464796633941094,,45.27409100001023
indoor,DCP-Improved,1400_9.png,15.418647245631663,0.774426281452179,7.399359795428978,0.474758064516129,,106.74375700000382
indoor,DCP,1401_1.png,20.465040044266168,0.8912670612335205,7.513038624498377,0.36853085553997195,,45.41882599994551
indoor,DCP-Improved,1401_1.png,23.032148323160158,0.8674570918083191,7.722831690185962,0.4120021037868163,,115.71691899996495
indoor,DCP,1401_10.png,19.925974167294363,0.8305163979530334,7.4896858682396825,0.3641234221598878,,45.45613699997375
indoor,DCP-Improved,1401_10.png,19.174662358057994,0.8175530433654785,7.706115366284556,0.3922159887798036,,113.77258300001358
indoor,DCP,1401_2.png,20.492746210613294,0.883685290813446,7.510283851278197,0.3691058906030856,,49.52485700005127
indoor,DCP-Improved,1401_2.png,22.72465289196831,0.860508143901825,7.726257212601355,0.4103366058906031,,114.68295400004536
indoor,DCP,1401_3.png,20.45008521141295,0.8753626346588135,7.499382171227393,0.3688604488078541,,45.795691999956034
indoor,DCP-Improved,1401_3.png,22.37784925893355,0.8540530800819397,7.727147823659273,0.4091234221598878,,114.24457999999049
indoor,DCP,1401_4.png,20.43847144172085,0.8683056831359863,7.495577911053723,0.3685553997194951,,45.66582599989033
indoor,DCP-Improved,1401_4.png,21.986310140115314,0.8481409549713135,7.723745825504364,0.40793478260869565,,114.56289400007336
indoor,DCP,1401_5.png,20.409869663502565,0.861578643321991,7.491789272119086,0.36908485273492286,,44.989330000021255
indoor,DCP-Improved,1401_5.png,21.57951192490401,0.8425486087799072,7.71868888486442,0.4058345021037868,,114.15753500000392
indoor,DCP,1401_6.png,20.35944801146784,0.8544767498970032,7.491697400249913,0.3677629733520337,,45.12706199989225
indoor,DCP-Improved,1401_6.png,21.13818944210617,0.837149441242218,7.717288637248002,0.40269284712482467,,113.54714499998408
indoor,DCP,1401_7.png,20.293434747720266,0.8482232689857483,7.492507525433315,0.3676297335203366,,45.85687799999505
indoor,DCP-Improved,1401_7.png,20.68179915824583,0.8320857882499695,7.716391831501733,0.4009396914446003,,114.73698700001478
indoor,DCP,1401_8.png,20.153339103039762,0.8417914509773254,7.4888638517226145,0.3660694249649369,,47.668058999988716
indoor,DCP-Improved,1401_8.png,20.180905876348753,0.8267456889152527,7.713999061933973,0.39766830294530153,,114.69284300005711
indoor,DCP,1401_9.png,20.035689857663176,0.8356461524963379,7.488123026675657,0.36408134642356244,,45.92462699997668
indoor,DCP-Improved,1401_9.png,19.69376948582004,0.8224384188652039,7.713776326132497,0.3951227208976157,,127.70833699994455
indoor,DCP,1402_1.png,23.077034728270398,0.8708860278129578,6.696365347054895,0.3302594670406732,,46.792155999924034
indoor,DCP-Improved,1402_1.png,25.020832425716314,0.8537253737449646,6.7543361855113675,0.35345722300140253,,117.88995599999907
indoor,DCP,1402_10.png,22.62488107354629,0.8029459118843079,7.116810516185291,0.3342882187938289,,46.59824699990622
indoor,DCP-Improved,1402_10.png,21.269718155440312,0.7829132676124573,7.028040311308161,0.3362798036465638,,128.33933399997477
indoor,DCP,1402_2.png,23.187320499679892,0.8629449009895325,6.702840185320038,0.33135694249649367,,46.48643500001981
indoor,DCP-Improved,1402_2.png,24.89172833116929,0.8451678156852722,6.757797365029097,0.35211430575035063,,113.65485000010267
indoor,DCP,1402_3.png,23.27407379691936,0.8551618456840515,6.715725702974286,0.3320126227208976,,44.627953000031084
indoor,DCP-Improved,1402_3.png,24.720302500454512,0.8370182514190674,6.7713226618808,0.3503015427769986,,111.60471400000915
indoor,DCP,1402_4.png,23.321921376332824,0.8477723598480225,6.725936984781133,0.33205820476858344,,46.086153999908674
indoor,DCP-Improved,1402_4.png,24.488854151331132,0.8293874859809875,6.787575273981085,0.34936185133239833,,115.31778799997028
indoor,DCP,1402_5.png,23.335766744542337,0.8404797911643982,6.737601323041474,0.33244039270687237,,46.2297370000897
indoor,DCP-Improved,1402_5.png,24.18082580644957,0.8218271136283875,6.805168408654428,0.34812412342215987,,120.03928199999336
indoor,DCP,1402_6.png,23.30149468216983,0.8334636688232422,6.748295613028443,0.33181977559607295,,46.061868000037975
indoor,DCP-Improved,1402_6.png,23.768819368831767,0.8144934773445129,6.823435715855482,0.3454873772791024,,114.57687199992961
indoor,DCP,1402_7.png,23.04676853139774,0.8239684104919434,7.045760675621264,0.3317461430575035,,45.69856600005551
indoor,DCP-Improved,1402_7.png,23.23929152708626,0.8066954612731934,6.851107919402952,0.34373422159887795,,115.30192199995781
indoor,DCP,1402_8.png,22.94014967088934,0.8164894580841064,7.075947716142355,0.33332748948106594,,46.438905000059094
indoor,DCP-Improved,1402_8.png,22.653948316171277,0.7985077500343323,6.927353860404852,0.34098877980364656,,115.58414900002845
indoor,DCP,1402_9.png,22.803251629439238,0.8095957636833191,7.101013227742179,0.3341900420757363,,47.24892299998373
indoor,DCP-Improved,1402_9.png,21.983397776304578,0.7908563613891602,6.982357874893984,0.33887447405329596,,111.9210250000151
indoor,DCP,1403_1.png,26.290177305686726,0.8972521424293518,6.899362262774839,0.43529803646563814,,46.47079500000473
indoor,DCP-Improved,1403_1.png,21.232540886043957,0.8149906992912292,7.003665073384616,0.46930575035063116,,113.79000700003417
indoor,DCP,1403_10.png,20.316269408540066,0.8058250546455383,7.060909868297472,0.44023141654978964,,45.26740799997242
indoor,DCP-Improved,1403_10.png,12.387846524241247,0.6606727242469788,7.363268796758665,0.5234116409537167,,114.60594699997273
indoor,DCP,1403_2.png,25.791653909226756,0.8865609169006348,6.925112248888021,0.4373422159887798,,45.95603600000686
indoor,DCP-Improved,1403_2.png,20.09428135213394,0.7994073033332825,7.029636293609149,0.47197755960729315,,116.873078000026
indoor,DCP,1403_3.png,25.118385638346112,0.8744791150093079,6.940354993204375,0.4390322580645161,,46.26771900007043
indoor,DCP-Improved,1403_3.png,19.055216549681187,0.7845656275749207,7.0625310074162995,0.4753997194950912,,115.55642300004365
indoor,DCP,1403_4.png,24.455350855669998,0.8644752502441406,6.964772002535037,0.4407152875175316,,46.17969199989602
indoor,DCP-Improved,1403_4.png,18.105636359163594,0.7703847289085388,7.093194266323278,0.4775946704067321,,116.26950599998054
indoor,DCP,1403_5.png,23.752222818767077,0.8538125157356262,6.976622327340672,0.4399193548387097,,46.22347500003343
indoor,DCP-Improved,1403_5.png,17.215328058779306,0.7565547823905945,7.110428966504924,0.4781521739130435,,115.52870899993195
indoor,DCP,1403_6.png,23.038334155937594,0.8432058691978455,6.989203412482607,0.4393653576437588,,47.15687899999921
indoor,DCP-Improved,1403_6.png,13.525836007497997,0.6746485829353333,7.291649773239476,0.5523527349228612,,115.7630349999863
indoor,DCP,1403_7.png,22.325466476552634,0.8339686989784241,7.014480219409422,0.4407924263674614,,45.66804700004923
indoor,DCP-Improved,1403_7.png,13.243456657686373,0.6709985136985779,7.299697739248223,0.5447019635343618,,113.8377769999579
indoor,DCP,1403_8.png,21.66495238871025,0.8240920901298523,7.02143335566032,0.439929873772791,,45.12491700006649
indoor,DCP-Improved,1403_8.png,12.946196398740902,0.6669139862060547,7.3158910299586735,0.5383976157082749,,114.80881299996781
indoor,DCP,1403_9.png,20.9694375272031,0.815314531326294,7.04602744992607,0.4404663394109397,,48.22176200002559
indoor,DCP-Improved,1403_9.png,12.660565037974935,0.6636649370193481,7.337770765723885,0.5308029453015428,,119.27853700001378
indoor,DCP,1404_1.png,21.554261059799828,0.9171488881111145,6.875464751234105,0.3573527349228611,,46.38284699990436
indoor,DCP-Improved,1404_1.png,24.752653775971783,0.9417769908905029,6.86571970191943,0.36299789621318374,,116.0613629999716
indoor,DCP,1404_10.png,21.977245999058486,0.90103679895401,7.0056820362688645,0.3543232819074334,,45.888869000009436
indoor,DCP-Improved,1404_10.png,23.44293146172464,0.920195996761322,6.982183581453618,0.33953015427769984,,108.33151400004226
indoor,DCP,1404_2.png,21.674753353916362,0.9166166186332703,6.871877723856195,0.35692145862552593,,46.09568199998648
indoor,DCP-Improved,1404_2.png,24.913575545211096,0.9403896927833557,6.861487440067044,0.3621528751753156,,115.6677750000199
indoor,DCP,1404_3.png,21.78533154116534,0.9158658981323242,6.864696871575321,0.3563429172510519,,48.2258089999732
indoor,DCP-Improved,1404_3.png,25.018047526705914,0.9387645721435547,6.85484239661787,0.3610974754558205,,116.06239499997173
indoor,DCP,1404_4.png,21.70380242123081,0.9119938015937805,7.192373062462799,0.35687237026647967,,45.73359400001209
indoor,DCP-Improved,1404_4.png,25.03680425561244,0.936777651309967,6.871056468991239,0.36005960729312764,,114.8762400000578
indoor,DCP,1404_5.png,21.8032473109703,0.910295307636261,7.203690719958985,0.35785413744740535,,46.2998199999447
indoor,DCP-Improved,1404_5.png,24.93383671746216,0.9344062805175781,6.9302752277707595,0.3582608695652174,,115.1243900000054
indoor,DCP,1404_6.png,21.876132902090962,0.9083438515663147,7.168297248820999,0.35828892005610097,,46.43242200006625
indoor,DCP-Improved,1404_6.png,24.63532569172097,0.9310489296913147,7.033162687243122,0.3567215988779804,,117.03828099996372
indoor,DCP,1404_7.png,21.9503565289195,0.9067719578742981,7.098406787618139,0.35765778401122017,,46.46277999995618
indoor,DCP-Improved,1404_7.png,24.0259155944305,0.926173210144043,7.006905916030562,0.34529102384291727,,108.34694200002559
indoor,DCP,1404_8.png,21.98650028956755,0.9047255516052246,7.044256285023153,0.3571704067321178,,46.22630100004699
indoor,DCP-Improved,1404_8.png,24.03861868935921,0.9249785542488098,6.9912949979130445,0.3439831697054698,,108.1844689999798
indoor,DCP,1404_9.png,21.997362704769465,0.9029991626739502,7.0098311753217715,0.35561360448807855,,46.302845000013804
indoor,DCP-Improved,1404_9.png,23.841982298567437,0.922928512096405,6.980852793491155,0.3418197755960729,,108.10127700005978
outdoor,DCP,0001_0.8_0.2.jpg,15.940837630004747,0.8928690552711487,7.332534218940773,0.5375346687211094,,28.555663000020104
outdoor,DCP-Improved,0001_0.8_0.2.jpg,19.070082706760665,0.9017845988273621,7.571903710653978,0.5954919656614572,,81.5422389999867
outdoor,DCP,0002_0.8_0.08.jpg,14.623281331545561,0.785548210144043,7.286709980663312,0.5249702839533348,,28.748097999937272
outdoor,DCP-Improved,0002_0.8_0.08.jpg,16.910250112161027,0.869102954864502,7.402744765453165,0.5405767114241691,,87.0242660000713
outdoor,DCP,0003_0.8_0.2.jpg,17.182476063675942,0.8553848266601562,7.15583791858033,0.2850603118564284,,20.891348999953152
outdoor,DCP-Improved,0003_0.8_0.2.jpg,14.951569499790267,0.7885602116584778,7.441172975791579,0.4467431597528685,,60.367962999976044
outdoor,DCP,0004_0.9_0.12.jpg,13.753513703323748,0.8766655921936035,7.483363933345165,0.6525687871450583,,28.85053299996798
outdoor,DCP-Improved,0004_0.9_0.12.jpg,18.009590724545514,0.833760678768158,7.558267787566603,0.816962359674224,,82.22886399994422
outdoor,DCP,0006_0.85_0.08.jpg,13.603991057786722,0.8631930351257324,7.597605227203057,0.5184107418005723,,28.615155000011328
outdoor,DCP-Improved,0006_0.85_0.08.jpg,16.650430654518164,0.8789160847663879,7.835892829051163,0.6114505833149901,,89.21051200002239
outdoor,DCP,0007_0.9_0.16.jpg,16.49916268921853,0.8417332768440247,6.975677688039972,0.45770833333333333,,30.864790000009634
outdoor,DCP-Improved,0007_0.9_0.16.jpg,19.462782484718847,0.8997580409049988,6.993857793695524,0.42946003401360544,,91.89595399993777
outdoor,DCP,0009_0.8_0.16.jpg,18.429458491822277,0.8839423060417175,7.1907637633735195,0.6268545014307726,,28.90846299999339
outdoor,DCP-Improved,0009_0.8_0.16.jpg,17.670061842091883,0.8292091488838196,7.331324305977225,0.7057274928461369,,81.92485600000055
outdoor,DCP,0010_0.95_0.16.jpg,21.12903977660089,0.9093475341796875,7.280733719340741,0.5444904248294079,,29.031906999989587
outdoor,DCP-Improved,0010_0.95_0.16.jpg,23.43066473806577,0.9078945517539978,7.375286968299396,0.5520228923618754,,88.96095600005083
outdoor,DCP,0011_0.95_0.16.jpg,18.528467977962762,0.8724958300590515,7.161908283488138,0.3375522782302443,,28.936926000028507
outdoor,DCP-Improved,0011_0.95_0.16.jpg,20.891502146512337,0.9023143649101257,7.26381010470081,0.3280959718247854,,88.1465790000675
outdoor,DCP,0014_0.8_0.12.jpg,14.511008846992281,0.7890104651451111,7.268696496424617,0.4781730134272507,,28.754269000046406
outdoor,DCP-Improved,0014_0.8_0.12.jpg,18.283582111461932,0.8941324353218079,7.330186697554893,0.43844155844155847,,89.63902499999676
outdoor,DCP,0016_0.8_0.08.jpg,15.68408253814766,0.8747832179069519,7.731057405812976,0.6317543473475676,,28.677062999918235
outdoor,DCP-Improved,0016_0.8_0.08.jpg,18.04275600537364,0.9004948735237122,7.778434971172533,0.6863482280431433,,88.10004000008576
outdoor,DCP,0017_0.9_0.08.jpg,15.976300362074713,0.8364785313606262,7.530996623257294,0.5588292866553736,,36.49497900005372
outdoor,DCP-Improved,0017_0.9_0.08.jpg,21.811360579701056,0.8907590508460999,7.586080530004106,0.4989045736871824,,104.33073199999399
outdoor,DCP,0018_0.9_0.2.jpg,16.191225870149005,0.8876108527183533,7.6849336259362255,0.5198729390409923,,53.82893699993474
outdoor,DCP-Improved,0018_0.9_0.2.jpg,16.602449993586383,0.8367245197296143,7.706363364622362,0.5857994252004235,,122.8276699999924
outdoor,DCP,0019_0.8_0.16.jpg,14.949567740391618,0.8758836388587952,7.475066627330935,0.5802333259960378,,29.11552600005507
outdoor,DCP-Improved,0019_0.8_0.16.jpg,20.649020980370118,0.9376721382141113,7.634877803486776,0.5857627118644068,,88.3885810000038
outdoor,DCP,0021_0.8_0.08.jpg,11.781243463118951,0.798740565776825,7.534297136126874,0.5618225841954656,,29.07259400001294
outdoor,DCP-Improved,0021_0.8_0.08.jpg,15.231234302141871,0.898759663105011,7.7490149520050915,0.5157957296940348,,88.48073300009673
outdoor,DCP,0022_0.8_0.08.jpg,11.313337124963603,0.7544264197349548,7.473308510152292,0.6034118423948932,,28.902161000019078
outdoor,DCP-Improved,0022_0.8_0.08.jpg,15.993941244037453,0.8958637118339539,7.7574977611273095,0.5398987453224742,,87.83266199998252
outdoor,DCP,0023_0.85_0.12.jpg,15.065866831057242,0.8576446175575256,7.1328690767496,0.16768214836011447,,29.212741000037568
outdoor,DCP-Improved,0023_0.85_0.12.jpg,15.96576999068041,0.8055918216705322,6.861770660027162,0.21252036099493726,,88.29417899994496
outdoor,DCP,0024_0.85_0.08.jpg,14.782055918682232,0.8466113209724426,7.007965801519538,0.21679506933744222,,28.583806000028744
outdoor,DCP-Improved,0024_0.85_0.08.jpg,17.29166745794666,0.8528478145599365,7.157385868985179,0.22008804754567465,,88.56499800003803
outdoor,DCP,0025_0.8_0.16.jpg,19.390792844196657,0.8764199614524841,7.626554233283447,0.48122386088487784,,29.1560529999515
outdoor,DCP-Improved,0025_0.8_0.16.jpg,19.438833721324148,0.8734127879142761,7.650816455369689,0.5413735417125247,,88.5818650000374
outdoor,DCP,0026_0.95_0.08.jpg,17.355797677085995,0.871160089969635,7.626836238777408,0.3849702839533348,,29.107757000019774
outdoor,DCP-Improved,0026_0.95_0.08.jpg,18.89804955745628,0.8912959098815918,7.610914351638704,0.4050451243671583,,88.11021400003938
outdoor,DCP,0029_0.85_0.08.jpg,14.417462435866987,0.8267450928688049,7.505675864102783,0.42139555359894343,,28.902321000032316
outdoor,DCP-Improved,0029_0.85_0.08.jpg,16.951760031299635,0.8486943244934082,7.652570287732594,0.506880915694475,,90.79965000000811
outdoor,DCP,0030_0.95_0.12.jpg,22.663687595613993,0.9562684893608093,7.683835146905268,0.7241514417785604,,29.25369900003716
outdoor,DCP-Improved,0030_0.95_0.12.jpg,22.34725938309375,0.9389235973358154,7.6863341782643735,0.7421659696235967,,87.47347300004549
outdoor,DCP,0033_0.85_0.08.jpg,15.060373799617814,0.8569900393486023,7.421659443927971,0.47029275808936827,,28.466572999946038
outdoor,DCP-Improved,0033_0.85_0.08.jpg,18.191980728457832,0.8449649214744568,7.7958588068164145,0.6330750605326877,,80.71547699989878
outdoor,DCP,0034_0.9_0.16.jpg,14.843812552154406,0.8109413981437683,7.293340378398903,0.34704380365397314,,28.92154699998173
outdoor,DCP-Improved,0034_0.9_0.16.jpg,19.69156983194106,0.9022924900054932,7.504907766044139,0.37329958177415806,,87.95693900003698
outdoor,DCP,0036_1_0.08.jpg,10.964204312683044,0.7764833569526672,7.344300604845609,0.49443979749064493,,28.945002000000386
outdoor,DCP-Improved,0036_1_0.08.jpg,16.866719663005508,0.9158909916877747,7.711445586958961,0.4402509355051728,,88.07902000000922
outdoor,DCP,0039_0.9_0.2.jpg,19.446530768423365,0.9181718230247498,7.533454357791383,0.6267356372441119,,29.05483099993944
outdoor,DCP-Improved,0039_0.9_0.2.jpg,23.506906517656255,0.9199175834655762,7.619745254008712,0.6441822584195466,,88.24726000000283
outdoor,DCP,0040_1_0.08.jpg,18.85125964298072,0.9135519862174988,7.7111877280293175,0.6909002861545235,,28.996379999966848
outdoor,DCP-Improved,0040_1_0.08.jpg,25.54345951339919,0.9600104689598083,7.73263225358811,0.661008144397975,,98.3922090000533
outdoor,DCP,0042_0.8_0.2.jpg,12.46459445076729,0.8405396938323975,7.131815474646413,0.65839265781967,,63.07136999998875
outdoor,DCP-Improved,0042_0.8_0.2.jpg,22.762766101150028,0.8621637225151062,7.560563056645758,0.7688825499193849,,154.37019800003782
outdoor,DCP,0045_0.8_0.16.jpg,9.625115648842227,0.6975789070129395,7.2275449126163185,0.41293534803071585,,62.51100499991935
outdoor,DCP-Improved,0045_0.8_0.16.jpg,12.941654074326614,0.8317295908927917,7.5462565038133125,0.2683155808768888,,152.4989119999418
outdoor,DCP,0046_0.9_0.16.jpg,15.666851324452452,0.7932085394859314,7.0730708549468595,0.40260620735197006,,28.183164999973087
outdoor,DCP-Improved,0046_0.9_0.16.jpg,21.680951003531757,0.8920513987541199,7.192109736527251,0.3488179616993176,,86.61269399999583
outdoor,DCP,0047_0.9_0.12.jpg,21.341826424992192,0.8448628783226013,6.631258602554837,0.5663430420711975,,20.127496999975847
outdoor,DCP-Improved,0047_0.9_0.12.jpg,27.861762128056093,0.9659702181816101,6.339903494826881,0.44581935863489264,,68.6849669999674
outdoor,DCP,0048_0.9_0.2.jpg,16.01309472771627,0.8230903148651123,7.500116415396215,0.5061281091789567,,28.49063799999385
outdoor,DCP-Improved,0048_0.9_0.2.jpg,17.136840570382933,0.8507351279258728,7.512213799127216,0.49031917235307065,,87.8958020000482
outdoor,DCP,0049_0.85_0.12.jpg,14.91316742616247,0.8435928225517273,7.2903074898073985,0.7345969945355191,,47.98953099998471
outdoor,DCP-Improved,0049_0.85_0.12.jpg,19.07832987226851,0.9380006790161133,7.2202486938628825,0.6744023224043716,,145.89939600000434
outdoor,DCP,0051_0.8_0.2.jpg,20.247776876353882,0.9199755787849426,6.835822991995801,0.5309577527095776,,28.69848299997102
outdoor,DCP-Improved,0051_0.8_0.2.jpg,24.487298378379126,0.9367054104804993,6.546553002882678,0.5397699623976996,,87.42154100002608
outdoor,DCP,0051_0.95_0.12.jpg,24.608260350077728,0.9421337246894836,6.365130790150897,0.553846494138465,,28.89497699993626
outdoor,DCP-Improved,0051_0.95_0.12.jpg,28.007111727400126,0.9553313851356506,6.359581078053471,0.5660384870603848,,87.87315899996884
outdoor,DCP,0052_0.9_0.16.jpg,18.047740010466146,0.8576663136482239,6.908373284972005,0.41487483530961794,,41.679770999962784
outdoor,DCP-Improved,0052_0.9_0.16.jpg,20.336011019628852,0.910288393497467,6.732960929057417,0.4125494071146245,,119.547257000022
outdoor,DCP,0053_0.9_0.12.jpg,17.541095751848545,0.8608989715576172,6.696564113354554,0.3821094439541041,,28.460621000022
outdoor,DCP-Improved,0053_0.9_0.12.jpg,19.46558027186065,0.9065319895744324,6.64607262514062,0.3932171226831421,,90.69947900002262
outdoor,DCP,0054_0.85_0.16.jpg,14.715668131927732,0.8595185279846191,7.319029219921718,0.7301747401017474,,29.749601000048642
outdoor,DCP-Improved,0054_0.85_0.16.jpg,18.0532736276337,0.906080424785614,7.496477491791437,0.7491705374917054,,87.6874760000419
outdoor,DCP,0055_0.85_0.12.jpg,16.168845206820116,0.8431064486503601,7.41032495114741,0.5591635483160907,,29.02007499994852
outdoor,DCP-Improved,0055_0.85_0.12.jpg,18.64147364205613,0.8615212440490723,7.491346808544394,0.5587365177195686,,86.90734699996483
outdoor,DCP,0056_0.8_0.16.jpg,12.777329727479746,0.7809250950813293,7.158477538830786,0.427814192077515,,46.839546000001064
outdoor,DCP-Improved,0056_0.8_0.16.jpg,15.77334490253109,0.8875997066497803,7.173278534459172,0.35293815901966374,,138.2855340000333
outdoor,DCP,0057_0.8_0.12.jpg,17.154017136191857,0.8648934960365295,7.5302777742446345,0.8643627558881796,,28.975138999953742
outdoor,DCP-Improved,0057_0.8_0.12.jpg,17.957941583559972,0.873382568359375,7.606843896200621,0.8611314109619195,,81.46121400000084
outdoor,DCP,0058_0.8_0.2.jpg,22.760811899332694,0.9349527359008789,7.271794347896982,0.6971917634712119,,42.6325309999811
outdoor,DCP-Improved,0058_0.8_0.2.jpg,24.9510057711265,0.9476558566093445,7.336038335133372,0.7138536049892037,,130.13055800001894
outdoor,DCP,0059_0.9_0.12.jpg,19.010515252385062,0.8799128532409668,7.73509208557035,0.6055646048866388,,28.81721899996137
outdoor,DCP-Improved,0059_0.9_0.12.jpg,20.752386982937455,0.9085351824760437,7.700145060528768,0.6157076821483601,,87.99921800004995
outdoor,DCP,0060_0.9_0.2.jpg,13.752074567162417,0.7912277579307556,7.443365758012176,0.4051123835420643,,72.31414400007452
outdoor,DCP-Improved,0060_0.9_0.2.jpg,17.58731714784456,0.849570095539093,7.598678257667414,0.3694756015722366,,189.0746549998994
outdoor,DCP,0061_0.8_0.2.jpg,14.60709089173812,0.7969536781311035,7.3224423152133715,0.38270967741935485,,21.60287000003791
outdoor,DCP-Improved,0061_0.8_0.2.jpg,17.956987258111646,0.8712010979652405,7.268628730407314,0.29546627565982403,,68.52636599990092
outdoor,DCP,0062_0.9_0.2.jpg,15.54005367362717,0.8426911234855652,7.518515998418124,0.6133039841514418,,29.253026999981557
outdoor,DCP-Improved,0062_0.9_0.2.jpg,18.958270238313712,0.8720312118530273,7.58295041589649,0.6221219458507594,,81.56539300000532
outdoor,DCP,0063_0.8_0.16.jpg,17.470993515141778,0.8646698594093323,7.488677165033647,0.5047105436935946,,28.802130000030957
outdoor,DCP-Improved,0063_0.8_0.16.jpg,20.819386236280096,0.9115120768547058,7.460125617614359,0.4774774378164209,,87.46140800008106
outdoor,DCP,0064_0.8_0.2.jpg,17.45836638449153,0.8707607388496399,6.89025719214112,0.42950473255558,,29.45403000001079
outdoor,DCP-Improved,0064_0.8_0.2.jpg,19.641982499332304,0.899087131023407,6.750171848330892,0.3986088487783403,,86.80675199991583
outdoor,DCP,0065_0.9_0.12.jpg,20.028483554445003,0.8909412026405334,7.284868965919911,0.6327847821278478,,28.261965000069722
outdoor,DCP-Improved,0065_0.9_0.12.jpg,21.877557332295723,0.903145968914032,7.3104240554390865,0.6291351470913514,,86.6870250000602
outdoor,DCP,0066_1_0.08.jpg,9.038636022450778,0.7051212787628174,7.074271232914899,0.12440677966101694,,28.881841999918834
outdoor,DCP-Improved,0066_1_0.08.jpg,11.417921014937999,0.81656813621521,7.429946270500517,0.11218578032137354,,88.66977200000292
